id:101,name:John Doe,department:IT,email:john.doe@company.com
id:105,name:Michael Lee,department:IT,email:michael.lee@company.com
id:109,name:James Miller,department:IT,email:james.m@company.com
id:113,name:Kevin Chen,department:IT,email:kevin.chen@company.com
id:117,name:Jason Park,department:IT,email:jason.park@company.com
id:121,name:Matthew Green,department:IT,email:matthew.g@company.com
id:125,name:Brandon Scott,department:IT,email:brandon.s@company.com
id:129,name:Joshua Wright,department:IT,email:joshua.w@company.com
id:133,name:Jonathan Carter,department:IT,email:jonathan.c@company.com
id:137,name:Benjamin Evans,department:IT,email:benjamin.e@company.com
id:141,name:Anthony Sanchez,department:IT,email:anthony.s@company.com
id:145,name:Aaron Rogers,department:IT,email:aaron.r@company.com
id:149,name:Dylan Bailey,department:IT,email:dylan.b@company.com
